

INSERT INTO PROFILE VALUES(40117370392182784, '12345678945', 'abc@gmail.com', 'yes', '903575622', 'personalprofile1', 'personalpwd1', 1650559926673, 1650559926732);
INSERT INTO PROFILE VALUES(40119869123624960, '12345678946', 'xyz@gmail.com', 'yes', '903575621', 'personalprofile2', 'personalpwd2', 1650560522247, 1650560522287);
INSERT INTO PROFILE VALUES(40122721028046848, '96385274112', 'f1@gmail.com', 'yes', '7337498271', 'firm1', 'firmpwd', 1650561202151, 1650561202170);
INSERT INTO PROFILE VALUES(40124099465084928, '159753852456', 'f2@gmail.com', 'yes', '7337469852', 'f2', 'f2pwd', 1650561530799, 1650561530820);

INSERT INTO PERSONAL_PROFILE VALUES(40117370392182784, 'YET_NOT_DECIDED', 'b-ve', 'Bussinesman', 'Textile', 'JNTU', 'HITAM', 'BOI', 'shaankary', 'orgmedak', 'org1', 'NO', 'XYZ', 'SSC', 'VPS', 'STUDENT', 40117370392182786, 40117370392182787, 1650559926677, 1650559926750);
INSERT INTO PERSONAL_PROFILE VALUES(40119869123624960, 'YET_NOT_DECIDED', 'b-ve', 'Bussinesman', 'Textile', 'JNTU', 'HITAM', 'BOI', 'shaankary', 'orgmedak', 'org1', 'NO', 'XYZ', 'SSC', 'VPS', 'STUDENT', 40119869123624962, 40119869123624963, 1650560522250, 1650560522287);

INSERT INTO PERSONAL_PROFILE_INTEREST VALUES(40117370392182788, 'sports', 40117370392182784, 1650559926684, 1650559926684);
INSERT INTO PERSONAL_PROFILE_INTEREST VALUES(40119869123624964, 'finance', 40119869123624960, 1650560522254, 1650560522254);

INSERT INTO ADDRESS VALUES(40117370392182786, 'string', 'string', 'string', 0.0, 0.0, 1650559926636, 1650559926636);
INSERT INTO ADDRESS VALUES(40117370392182787, 'medak', 'medak', 'TS', 0.0, 0.0, 1650559926657, 1650559926657);
INSERT INTO ADDRESS VALUES(40119869123624962, 'hyderabad', 'hyderabad', 'hyderabad', 0.0, 0.0, 1650560522240, 1650560522240);
INSERT INTO ADDRESS VALUES(40119869123624963, 'medak', 'medak', 'TS', 0.0, 0.0, 1650560522243, 1650560522243);

INSERT INTO FIRM_PROFILE VALUES(40122721028046848, 'SPORTS', 'Medak town', 'SERVICE1', 40122721028046850, 1650561202153, 1650561202153);
INSERT INTO FIRM_PROFILE VALUES(40124099465084928, 'SPORTS', 'string', 'SERVICE1', 40124099465084930, 1650561530801, 1650561530801);

INSERT INTO ADDRESS VALUES(40122721028046850, 'Medak', 'Medak', 'TS', 0.0, 0.0, 1650561202147, 1650561202147);
INSERT INTO ADDRESS VALUES(40124099465084930, 'string', 'string', 'string', 0.0, 0.0, 1650561530797, 1650561530797);


